Fold,Train_ROC_AUC,Validation_ROC_AUC,Overfit_Gap
1,1.0,0.986925,0.013075
2,1.0,0.986254,0.013746
3,1.0,0.984119,0.015881
4,1.0,0.989171,0.010829
5,1.0,0.979132,0.020868
