Metric,Training,Test
Accuracy,0.999875,0.969
Precision,0.9987515605493134,0.8254716981132075
Recall,1.0,0.875
F1 Score,0.9993753903810119,0.8495145631067961
ROC-AUC,1.0,0.987238888888889
CV_Mean_AUC,,0.9851201999999999
Optimal_Threshold,,0.052657343447208405
